,B01001_001E,B01001_003E,B01001_004E,B01001_005E,B01001_006E,B01001_027E,B01001_028E,B01001_029E,B01001_030E,B01001_001M,B01001_003M,B01001_004M,B01001_005M,B01001_006M,B01001_027M,B01001_028M,B01001_029M,B01001_030M,state,county,tract
0,5391,229,135,396,90,109,176,147,170,687,117,90,188,78,116,119,87,92,17,031,310900
1,1659,44,20,41,15,43,30,111,32,288,52,23,54,24,47,37,70,37,17,031,420500
2,2756,81,104,119,32,82,151,166,105,508,85,63,84,48,79,106,145,82,17,031,430400
3,1920,21,80,35,56,115,30,0,59,202,33,50,25,44,82,35,11,39,17,031,430600
4,2547,83,75,68,32,100,67,115,104,447,74,63,45,42,90,62,68,85,17,031,440900
5,3424,154,181,142,85,31,102,161,140,605,124,119,103,60,50,72,107,73,17,031,460100
6,2938,48,15,120,47,43,38,54,89,411,41,20,89,55,51,44,53,60,17,031,480500
7,3257,164,124,7,75,115,161,73,7,286,116,102,12,69,66,72,68,13,17,031,283100
8,4721,137,277,217,198,224,222,214,96,587,88,157,102,80,101,114,93,100,17,031,300700
9,4070,130,226,383,143,134,189,91,177,610,114,115,159,80,86,98,73,109,17,031,300800
10,1067,13,35,70,39,59,96,46,17,187,15,27,46,26,40,61,29,21,17,031,340600
11,1837,22,41,47,34,31,15,99,26,207,13,35,36,39,28,23,47,20,17,031,340300
12,3711,0,20,37,62,17,0,82,7,539,11,35,42,77,28,11,96,16,17,031,351000
13,5845,286,168,209,138,371,109,121,82,552,149,94,102,84,171,60,70,62,17,031,660600
14,944,9,11,43,3,0,8,24,9,170,12,13,47,7,11,12,18,11,17,031,670100
15,1263,23,20,35,25,38,63,68,22,237,27,23,32,27,33,41,53,25,17,031,670800
16,1044,51,55,38,4,108,66,86,64,248,30,33,34,7,75,40,54,39,17,031,671100
17,939,40,54,9,15,33,0,57,72,198,30,34,14,19,29,11,50,37,17,031,671200
18,1394,0,20,48,20,52,35,0,40,338,11,28,51,32,43,30,11,43,17,031,671400
19,2343,65,94,74,38,97,92,70,34,318,46,74,62,33,56,88,54,33,17,031,671500
20,2016,32,30,43,11,79,53,32,28,316,27,33,48,20,64,40,31,28,17,031,671600
21,4064,179,100,179,42,0,76,267,119,591,118,83,148,37,11,62,120,89,17,031,672000
22,3321,30,75,90,87,141,136,94,78,386,35,61,63,73,124,77,68,53,17,031,510200
23,2290,114,110,111,72,91,20,150,40,338,81,50,71,53,47,19,70,45,17,031,570500
24,3125,93,131,144,93,12,72,60,22,359,71,123,77,70,21,77,63,20,17,031,600600
25,2496,104,117,40,83,149,155,47,40,321,62,73,29,43,69,73,66,39,17,031,611200
26,1805,94,47,57,31,94,68,57,44,188,49,35,37,26,38,49,36,31,17,031,640800
27,1457,61,13,134,59,72,72,8,9,296,65,19,60,39,61,56,17,18,17,031,670900
28,2707,27,41,99,125,67,64,25,65,456,31,45,87,69,58,51,41,56,17,031,691300
29,2474,124,59,86,33,120,24,40,63,342,110,63,80,31,90,28,39,69,17,031,430700
30,773,29,0,7,20,20,0,0,17,177,23,11,11,20,21,11,11,27,17,031,490400
31,2852,43,9,102,12,125,177,90,40,216,33,14,38,18,64,83,63,51,17,031,060100
32,3440,111,108,29,43,208,60,91,6,397,61,46,19,33,128,38,51,10,17,031,040700
33,1842,21,23,54,28,21,31,27,9,260,24,36,45,25,25,27,24,14,17,031,040900
34,3214,132,71,56,30,156,125,41,19,274,86,39,44,27,71,50,33,17,17,031,060300
35,3779,132,94,70,42,291,133,36,0,299,59,55,36,35,102,64,31,11,17,031,060400
36,2981,73,58,0,12,50,22,12,0,270,66,36,11,17,47,25,18,11,17,031,062000
37,2719,92,46,15,0,99,47,10,0,249,51,34,18,11,44,24,18,11,17,031,062200
38,1575,67,34,22,3,58,29,19,2,144,48,24,16,5,30,16,15,5,17,031,062500
39,2310,34,37,107,0,81,0,34,0,244,41,33,56,11,56,11,27,11,17,031,063100
40,6838,190,220,151,109,307,281,170,53,450,126,105,107,75,115,177,130,54,17,031,090200
41,3364,128,130,117,55,186,114,87,33,176,62,69,65,38,80,47,50,29,17,031,100400
42,4700,159,146,72,53,84,139,53,52,303,81,69,43,53,46,62,33,41,17,031,100700
43,6516,279,220,206,97,238,298,136,79,396,141,84,106,66,105,151,73,53,17,031,120300
44,3897,160,161,57,78,134,88,193,32,636,121,98,65,58,104,70,117,28,17,031,292500
45,6065,76,109,194,34,128,44,55,24,461,54,93,165,38,85,47,54,36,17,031,071500
46,1756,50,54,65,66,79,39,64,44,157,30,29,33,45,36,22,36,27,17,031,390600
47,375,18,11,0,0,30,15,34,6,80,18,15,11,11,15,16,23,9,17,031,381500
48,2089,61,42,10,17,10,29,22,0,246,55,22,15,16,15,34,24,11,17,031,410700
49,3374,103,121,147,88,89,121,107,71,559,79,84,111,52,82,81,104,46,17,031,460400
50,3726,95,203,170,138,46,72,227,176,463,57,89,87,73,47,42,116,71,17,031,560700
51,5502,229,106,185,160,140,222,206,45,305,99,63,107,74,83,66,72,34,17,031,561100
52,2074,40,43,71,104,123,29,84,65,278,35,35,53,68,62,31,47,36,17,031,570200
53,4522,197,173,148,16,187,80,92,0,529,128,71,116,25,132,67,89,11,17,031,010100
54,6428,148,85,36,19,32,147,69,14,512,84,70,45,31,36,116,53,24,17,031,030500
55,2778,34,142,78,35,12,28,134,23,443,44,94,54,46,20,39,127,33,17,031,710700
56,2018,78,55,85,45,46,97,99,76,284,60,38,45,44,41,55,52,50,17,031,710900
57,2591,37,114,85,48,103,117,97,80,309,33,44,46,30,65,69,66,53,17,031,711400
58,4100,177,94,70,166,258,101,93,29,184,106,58,50,82,111,54,57,23,17,031,720300
59,1137,55,40,26,29,26,29,21,29,158,38,32,21,23,29,19,20,22,17,031,730300
60,3182,118,63,108,38,172,178,117,0,250,58,51,62,33,104,83,58,11,17,031,740100
61,3625,199,69,0,26,123,92,80,0,219,69,38,11,24,52,49,51,11,17,031,062800
62,2318,61,72,34,0,90,0,13,0,236,38,59,39,11,51,11,20,11,17,031,063400
63,3421,104,69,31,10,129,100,69,48,337,50,43,35,17,74,46,42,31,17,031,070500
64,1832,63,51,84,21,80,73,60,18,143,28,22,30,16,37,29,31,13,17,031,071600
65,2741,122,87,40,6,96,70,117,70,241,66,41,36,13,45,40,55,56,17,031,071800
66,6795,65,0,102,86,73,86,88,91,639,77,15,78,92,106,102,99,115,17,031,080100
67,4142,301,79,53,50,386,118,95,60,477,234,71,87,70,193,119,114,78,17,031,080400
68,5313,27,0,23,0,15,51,109,32,545,42,15,33,15,27,53,90,35,17,031,081300
69,7859,337,249,210,162,82,328,146,141,658,161,154,119,101,72,138,96,110,17,031,150300
70,6872,250,191,284,36,158,180,160,50,565,120,110,136,37,128,109,105,48,17,031,100200
71,6186,129,197,48,129,144,79,110,77,326,78,117,49,115,100,58,65,56,17,031,100300
72,3749,57,146,77,75,160,245,91,64,317,55,70,47,47,94,114,50,45,17,031,120400
73,3474,40,128,70,98,68,126,50,109,393,36,68,59,69,57,62,45,48,17,031,151200
74,3002,91,67,87,89,96,90,23,55,286,76,50,51,49,64,59,32,53,17,031,160200
75,4044,273,86,74,57,35,136,125,96,338,147,59,81,40,34,105,106,63,17,031,170400
76,4189,104,168,77,62,180,165,63,61,350,71,73,35,36,81,99,45,39,17,031,170800
77,6360,318,151,153,105,234,187,144,51,593,136,104,95,119,138,121,105,50,17,031,180100
78,2997,41,0,190,81,32,29,88,76,304,48,11,115,65,37,33,79,80,17,031,821402
79,6138,253,251,237,130,111,170,248,172,407,139,110,114,87,68,112,112,94,17,031,823304
80,2653,25,138,133,58,164,47,65,37,485,27,77,70,36,120,38,55,29,17,031,530600
81,4219,85,126,89,135,51,156,81,133,591,80,126,71,90,79,140,78,83,17,031,310800
82,3475,106,42,74,37,72,75,129,75,237,63,38,45,33,47,52,55,59,17,031,330200
83,1712,53,4,43,16,23,12,9,11,188,47,8,37,25,18,13,16,11,17,031,340500
84,773,0,35,0,7,55,8,0,0,86,11,23,11,10,27,12,11,11,17,031,351500
85,2843,154,57,152,42,168,84,69,35,383,115,64,111,42,108,60,53,36,17,031,390300
86,2706,150,71,114,86,142,109,100,39,532,105,66,103,80,117,80,87,44,17,031,400800
87,3051,10,54,84,79,81,97,17,12,291,16,40,80,63,70,81,27,19,17,031,410800
88,2737,38,44,40,13,44,19,27,61,262,37,42,25,18,35,18,23,40,17,031,420300
89,4961,123,150,176,82,202,104,210,33,814,124,97,138,96,242,86,174,38,17,031,430200
90,3569,258,210,247,61,76,80,69,87,610,209,143,106,57,59,71,94,47,17,031,430500
91,6979,76,42,196,139,335,246,226,148,882,74,67,171,116,251,203,136,108,17,031,431400
92,1440,0,0,38,24,42,24,34,7,218,11,11,29,30,50,22,31,10,17,031,440700
93,2336,35,70,92,25,0,15,47,24,433,40,75,76,30,11,20,40,21,17,031,470100
94,2192,52,48,61,82,21,34,34,13,207,49,40,36,61,25,22,22,14,17,031,480100
95,4160,187,81,114,61,69,79,35,74,577,143,55,76,50,66,49,32,60,17,031,491100
96,2605,127,107,86,28,117,89,79,43,522,86,66,48,28,76,44,54,33,17,031,491300
97,3077,75,44,95,110,72,223,124,60,436,72,34,75,72,52,124,84,43,17,031,510100
98,1810,60,36,102,41,44,85,99,29,288,37,28,39,36,28,45,54,24,17,031,520100
99,2236,15,73,80,98,93,85,53,47,378,25,44,52,51,48,48,37,37,17,031,530100
100,3920,95,115,150,20,323,135,56,89,564,74,63,97,18,205,73,48,66,17,031,530200
101,1539,33,54,34,19,48,53,50,34,202,25,23,29,15,39,44,40,32,17,031,560100
102,1181,58,18,47,16,42,6,6,12,247,42,20,55,25,38,9,10,19,17,031,310400
103,4432,50,132,84,0,67,99,27,9,565,60,139,85,11,90,103,32,15,17,031,310600
104,3306,97,31,78,0,49,36,35,57,294,59,27,47,11,43,44,45,39,17,031,242300
105,4963,48,222,222,77,163,34,227,40,552,53,108,176,77,158,40,125,41,17,031,250400
106,4161,287,154,118,198,125,168,130,173,563,136,109,96,107,103,138,90,77,17,031,251600
107,4943,329,205,252,114,192,313,165,139,675,166,113,126,75,122,131,101,84,17,031,251800
108,1488,76,37,70,70,19,102,31,40,369,57,36,60,47,30,50,34,35,17,031,260900
109,1263,39,42,39,28,36,27,66,13,208,33,26,37,26,32,25,36,20,17,031,271200
110,2043,64,55,77,55,100,72,74,18,174,37,30,37,29,44,36,34,15,17,031,161100
111,3090,96,109,66,22,143,118,93,49,300,41,42,36,23,56,54,45,33,17,031,161200
112,3605,190,74,83,23,181,85,44,42,372,89,48,64,25,85,55,51,42,17,031,283800
113,3204,19,0,7,29,6,0,0,0,297,17,11,10,30,9,11,11,11,17,031,320400
114,6584,199,153,182,146,368,272,232,29,815,128,98,113,92,177,119,119,36,17,031,020500
115,1857,78,34,13,16,78,38,5,7,116,37,23,17,18,39,33,8,9,17,031,031800
116,6837,82,68,124,13,135,0,0,95,947,106,105,166,40,110,15,15,151,17,031,032100
117,3879,239,78,45,48,138,72,69,19,372,88,48,45,33,74,35,38,20,17,031,040100
118,2723,83,141,34,23,131,92,74,26,278,90,63,32,24,69,58,44,24,17,031,050300
119,1594,65,13,77,38,89,31,31,23,144,32,13,42,32,34,22,20,28,17,031,051200
120,2324,50,62,46,54,71,0,83,32,230,33,45,42,51,54,11,50,23,17,031,060200
121,2208,49,36,0,0,27,0,0,4,134,31,21,11,11,35,11,11,7,17,031,061000
122,1576,62,26,16,0,90,14,44,4,143,43,29,17,11,55,14,40,8,17,031,062400
123,4283,137,89,106,33,75,57,53,11,498,86,89,73,29,47,48,63,18,17,031,070200
124,3575,168,91,39,16,56,49,16,32,268,69,44,30,19,33,37,17,25,17,031,070300
125,6271,122,195,85,16,167,99,100,57,623,87,115,74,26,78,67,103,54,17,031,010600
126,4236,90,147,137,130,175,135,174,52,370,67,82,125,97,78,88,103,49,17,031,020400
127,4089,101,75,80,7,107,73,20,41,309,53,62,49,11,79,39,23,38,17,031,031000
128,2925,66,54,67,44,125,10,63,35,292,59,46,40,34,92,15,41,29,17,031,040300
129,2177,75,45,26,32,62,35,26,24,190,44,28,23,28,40,28,22,24,17,031,050600
130,1295,33,29,15,6,29,49,26,0,106,36,23,12,9,18,20,19,11,17,031,060500
131,7114,121,46,119,26,0,63,44,28,590,123,50,106,52,15,61,61,45,17,031,060900
132,1340,39,18,12,0,28,51,10,0,102,27,14,14,11,27,36,12,11,17,031,061800
133,1797,42,15,119,53,166,39,89,20,298,51,22,76,38,91,34,55,27,17,031,400500
134,1602,87,36,28,39,48,6,46,5,123,30,25,23,29,34,9,34,9,17,031,062300
135,3237,102,35,18,29,49,9,72,48,243,43,30,23,35,29,14,42,34,17,031,070400
136,3257,153,104,79,29,153,100,112,76,371,63,63,57,26,90,72,61,50,17,031,070600
137,2176,52,0,0,0,81,15,69,7,267,40,11,11,11,43,19,56,12,17,031,410100
138,1586,26,5,48,0,12,38,0,5,215,18,8,47,11,13,39,11,8,17,031,410200
139,2699,71,54,29,64,43,89,33,15,375,50,30,31,73,30,60,23,18,17,031,410600
140,3169,6,15,97,0,8,48,0,44,395,22,23,83,11,23,32,11,71,17,031,411000
141,1756,51,45,56,39,106,36,9,32,331,48,43,50,34,83,39,13,37,17,031,430800
142,1572,61,19,40,25,32,77,48,28,262,51,22,38,26,28,50,48,35,17,031,430900
143,4577,167,138,124,81,63,28,190,12,488,123,124,94,67,70,45,97,21,17,031,440300
144,1807,25,36,82,46,37,25,58,26,280,37,37,37,36,39,23,36,21,17,031,440600
145,1008,25,25,24,15,18,27,43,22,195,29,41,41,17,23,25,36,30,17,031,460600
146,3369,83,45,27,10,96,80,106,62,241,50,31,26,16,53,50,51,38,17,031,410900
147,2398,131,203,97,45,223,116,108,42,367,80,115,53,38,126,52,61,35,17,031,430300
148,2468,47,71,25,17,109,95,60,48,168,37,37,21,17,48,41,33,29,17,031,170600
149,3466,59,76,71,91,62,71,118,55,508,69,55,69,69,51,68,69,52,17,031,600900
150,5474,230,206,365,226,115,220,270,228,517,112,87,125,118,70,104,89,116,17,031,630300
151,2636,119,114,112,75,226,64,195,68,447,74,62,67,53,109,53,68,53,17,031,460700
152,4239,121,178,229,62,23,206,188,165,677,76,89,113,64,27,122,91,75,17,031,491000
153,4741,106,228,100,39,70,90,124,0,818,104,140,99,60,84,94,106,11,17,031,710800
154,4067,165,65,108,101,75,83,132,54,434,94,51,84,69,62,65,91,52,17,031,730400
155,5893,46,70,239,38,150,184,344,179,696,49,52,141,43,141,123,143,124,17,031,750500
156,1189,115,52,63,24,8,38,53,46,234,77,44,39,18,13,31,40,42,17,031,271400
157,6447,193,44,0,19,24,25,0,21,494,121,45,15,31,38,34,15,33,17,031,280100
158,4106,139,101,205,14,207,113,117,92,491,141,72,95,16,89,69,64,62,17,031,170200
159,2774,118,69,125,55,84,148,82,49,240,52,34,63,40,38,67,45,33,17,031,221000
160,2149,136,118,82,32,36,74,95,35,317,67,56,65,34,27,49,48,37,17,031,230200
161,3489,45,115,174,41,230,62,147,95,512,52,81,98,43,131,75,93,64,17,031,230500
162,1797,49,50,10,12,49,16,23,25,178,22,21,11,13,27,14,15,27,17,031,241200
163,1542,60,48,80,16,19,46,42,10,181,37,33,45,17,19,32,33,11,17,031,242800
164,2206,67,44,31,54,86,103,25,7,235,34,25,35,38,29,60,22,11,17,031,243200
165,1430,69,30,28,4,38,50,65,58,179,36,40,35,14,40,29,32,40,17,031,260300
166,1145,58,27,13,0,76,83,27,40,329,57,28,21,11,67,57,45,44,17,031,260400
167,2321,89,48,60,46,115,47,161,54,382,75,41,41,39,66,35,107,39,17,031,261000
168,1478,44,6,71,30,60,35,56,61,286,46,11,43,29,49,31,39,50,17,031,270500
169,1623,69,176,70,31,21,55,54,17,304,60,109,51,24,33,36,43,19,17,031,271500
170,7303,237,330,293,164,244,460,212,223,784,149,152,137,83,153,197,99,114,17,031,230600
171,2822,124,33,51,10,71,25,60,15,326,69,30,51,15,50,26,48,21,17,031,221500
172,1794,33,48,89,37,71,7,43,70,281,27,42,65,29,74,10,27,37,17,031,230100
173,1215,52,0,23,5,61,40,8,11,121,33,11,18,9,36,23,10,12,17,031,240300
174,2090,87,44,20,7,130,39,19,68,211,38,32,16,9,41,25,17,52,17,031,241300
175,2930,80,33,50,19,115,70,42,51,282,40,31,44,21,60,50,42,47,17,031,241500
176,3603,38,35,33,22,93,22,0,0,288,42,41,25,23,40,23,11,11,17,031,241600
177,3464,64,151,160,77,149,25,82,40,456,56,105,102,59,89,26,65,45,17,031,030300
178,5937,246,167,228,134,127,90,179,42,652,95,84,135,122,101,83,80,68,17,031,031200
179,3663,148,45,206,31,91,0,251,262,507,109,37,112,42,80,11,106,162,17,031,750600
180,1652,37,28,59,13,70,0,6,15,205,24,23,36,14,40,11,9,16,17,031,310200
181,2969,156,204,55,40,112,82,192,26,469,125,125,89,45,101,68,108,37,17,031,691200
182,4359,25,100,134,45,95,124,292,120,508,32,75,97,40,90,104,110,76,17,031,730500
183,3552,135,78,178,14,175,194,144,72,333,129,55,95,22,90,87,78,52,17,031,700100
184,1767,111,87,57,33,61,64,103,21,284,78,69,35,31,58,46,64,21,17,031,710600
185,1794,0,106,95,17,44,87,3,17,242,11,47,74,27,39,47,6,19,17,031,711300
186,3982,43,77,142,60,47,109,90,29,356,40,53,65,69,49,60,51,34,17,031,071300
187,4770,103,182,30,0,247,11,11,0,337,90,109,38,11,172,24,24,11,17,031,080300
188,4000,105,39,13,0,120,0,56,0,331,66,47,22,11,64,11,91,11,17,031,081600
189,9919,364,172,0,0,352,55,0,0,689,247,108,15,15,208,66,15,15,17,031,081800
190,923,34,13,40,18,41,5,4,17,110,23,13,33,20,30,8,8,12,17,031,081900
191,5691,304,215,346,130,109,284,228,237,529,123,93,143,62,55,123,97,124,17,031,570300
192,3362,125,94,133,67,150,147,133,95,436,78,52,70,46,106,63,59,54,17,031,611500
193,1706,92,64,82,44,72,60,36,0,307,58,47,47,37,60,45,30,11,17,031,611700
194,2230,49,71,94,39,77,43,114,20,166,35,49,56,31,41,30,75,21,17,031,620200
195,3208,129,23,21,9,12,60,65,10,305,94,25,23,14,18,68,62,17,17,031,500100
196,4656,57,185,140,70,160,301,190,157,487,52,78,101,48,92,139,82,65,17,031,520400
197,3701,49,80,261,49,177,127,122,30,399,46,63,134,47,122,108,87,31,17,031,640400
198,6034,177,243,253,152,250,265,326,82,641,106,95,114,84,111,104,116,65,17,031,660400
199,4887,165,176,212,135,334,185,99,106,570,82,88,95,77,143,91,54,63,17,031,660800
200,1905,64,73,76,39,75,49,72,19,296,49,55,50,34,51,37,39,22,17,031,671300
201,4402,106,181,207,117,160,301,155,127,661,82,125,125,80,120,150,114,122,17,031,300900
202,4087,293,124,295,76,125,259,227,106,616,111,74,124,60,79,130,130,71,17,031,301200
203,1729,34,50,43,21,23,85,59,9,182,29,28,42,17,15,46,42,11,17,031,071700
204,6739,447,190,266,292,273,204,279,217,510,209,100,133,184,132,108,126,142,17,031,020200
205,3836,82,86,64,121,196,73,113,95,361,49,44,43,97,88,50,65,70,17,031,020100
206,6691,198,31,0,56,84,309,66,0,625,129,36,15,47,116,159,63,15,17,031,031700
207,7604,84,145,92,32,128,152,274,82,574,87,68,69,35,91,98,136,75,17,031,031300
208,2826,166,164,62,14,132,84,49,40,243,73,68,40,22,68,55,34,35,17,031,051300
209,6897,72,51,77,0,177,125,76,31,538,55,80,74,15,128,88,94,38,17,031,063200
210,4272,280,126,127,40,229,90,71,16,433,122,61,65,28,105,59,43,17,17,031,070700
211,3180,125,27,35,10,33,98,27,30,427,77,26,31,15,32,50,26,25,17,031,071100
212,4745,46,43,23,8,83,37,37,17,482,43,48,36,17,68,38,61,27,17,031,071400
213,866,13,33,29,16,52,38,66,78,206,20,30,27,18,42,34,36,46,17,031,380500
214,1586,8,108,94,15,74,57,38,55,300,12,82,59,17,61,45,43,50,17,031,381400
215,1254,16,0,95,12,34,13,0,23,183,26,11,76,14,31,19,11,24,17,031,381800
216,1496,18,70,18,68,0,39,22,19,143,16,53,15,45,11,33,19,15,17,031,390500
217,5639,82,65,18,190,65,28,25,0,555,62,82,28,177,61,42,42,15,17,031,390700
218,2440,10,0,56,99,21,21,12,17,258,18,11,51,77,25,20,17,28,17,031,410500
219,1551,59,35,34,36,31,29,46,28,116,33,21,23,22,31,23,28,28,17,031,411200
220,3036,184,209,120,48,130,38,85,187,602,111,110,71,42,105,45,72,116,17,031,420700
221,3781,53,186,85,43,147,123,80,25,502,50,111,59,40,115,94,66,29,17,031,450300
222,1477,24,31,0,28,101,0,17,24,212,20,35,11,26,60,11,20,26,17,031,500300
223,5109,190,163,206,95,222,211,216,134,363,86,104,115,70,155,116,90,94,17,031,520500
224,2053,73,55,45,63,96,47,31,33,237,51,35,46,38,69,36,23,22,17,031,530400
225,6479,122,109,288,269,277,83,132,58,917,89,75,216,170,183,74,96,45,17,031,550100
226,1654,63,0,32,11,46,17,16,56,219,47,11,27,13,35,15,19,42,17,031,560200
227,1585,40,43,63,32,53,17,112,24,208,24,27,51,27,38,17,67,22,17,031,560400
228,1302,45,30,66,45,23,72,29,23,201,31,31,48,31,14,38,20,26,17,031,570100
229,2213,82,67,43,69,109,110,69,49,335,54,46,36,43,73,58,47,35,17,031,580800
230,891,24,35,43,6,6,37,49,25,139,25,25,38,9,10,38,30,22,17,031,611000
231,4947,211,220,114,105,151,180,260,70,257,154,123,86,69,71,76,119,53,17,031,740300
232,2482,170,102,71,14,102,131,80,57,370,92,60,43,20,56,67,65,35,17,031,460200
233,5584,94,133,179,94,24,73,96,83,601,87,124,85,86,46,75,87,74,17,031,480400
234,3989,239,179,262,146,106,167,268,181,611,116,83,130,103,68,92,132,104,17,031,520200
235,2809,110,71,124,85,106,77,216,110,324,78,53,86,64,68,48,118,49,17,031,520600
236,4712,74,267,189,102,46,274,281,86,482,58,115,115,60,61,112,126,56,17,031,580400
237,3145,147,75,89,49,106,175,72,78,402,77,42,61,33,51,56,47,62,17,031,560300
238,5886,193,289,172,77,224,303,318,0,531,111,152,107,70,123,137,209,15,17,031,560800
239,3784,84,300,129,99,122,192,104,184,440,56,112,64,49,69,105,69,110,17,031,580200
240,3393,203,146,154,43,116,70,207,70,386,104,68,81,37,88,45,96,56,17,031,590700
241,1981,89,125,130,38,74,146,128,30,303,55,72,58,32,49,63,78,28,17,031,610400
242,1509,36,90,36,46,71,23,30,32,197,31,41,42,33,56,18,23,27,17,031,610800
243,1373,37,40,68,20,53,56,18,60,213,26,34,34,34,34,57,20,36,17,031,612000
244,1042,29,1,24,10,41,72,56,32,210,25,8,23,11,37,42,34,28,17,031,612100
245,3970,117,103,98,46,57,121,225,59,389,77,75,70,53,47,62,135,47,17,031,640500
246,2120,28,117,102,88,105,100,78,61,395,30,94,57,35,113,66,55,46,17,031,400400
247,2158,121,97,90,64,108,127,93,3,349,75,69,59,44,61,66,39,6,17,031,420800
248,1495,79,38,16,0,39,57,19,19,289,57,42,26,11,62,54,30,29,17,031,310500
249,2480,0,44,68,0,15,80,80,7,396,11,50,79,11,35,71,70,18,17,031,390400
250,1447,31,35,52,5,21,38,76,61,164,31,39,34,10,26,29,46,48,17,031,420100
251,1131,27,9,16,0,43,4,18,23,147,26,10,21,11,33,8,26,26,17,031,420400
252,2828,84,56,65,91,20,87,88,30,314,63,46,49,62,30,102,60,37,17,031,431200
253,5647,252,44,131,111,0,96,223,186,662,210,52,154,124,15,95,170,134,17,031,460500
254,1139,4,24,32,0,15,54,6,9,180,7,19,34,11,18,43,9,12,17,031,480200
255,2008,30,127,54,33,42,11,64,82,234,34,81,32,27,32,11,47,54,17,031,490500
256,1498,24,35,13,35,64,78,10,74,248,30,22,16,41,39,44,13,37,17,031,490600
257,4116,123,92,143,148,43,51,99,164,512,81,73,109,73,54,40,73,99,17,031,490800
258,2131,122,108,105,34,151,65,26,13,280,66,65,54,28,85,47,21,12,17,031,500200
259,5126,176,196,154,135,106,147,199,40,625,148,130,106,111,80,100,105,43,17,031,510300
260,5857,284,267,375,200,158,130,201,165,689,140,139,149,95,106,95,101,95,17,031,520300
261,2097,80,117,50,57,74,40,121,64,257,53,61,35,41,57,31,66,50,17,031,420600
262,1693,87,103,33,6,91,45,37,21,267,89,70,28,13,63,30,27,19,17,031,440800
263,1961,75,31,32,25,48,55,37,12,218,25,20,21,29,20,23,30,16,17,031,061200
264,5207,110,49,49,94,132,196,131,48,390,71,40,54,69,87,109,87,49,17,031,221100
265,1888,47,12,0,19,55,26,14,20,156,19,12,11,15,27,16,12,17,17,031,061500
266,3818,71,43,135,0,80,44,55,13,287,34,36,59,11,37,30,36,19,17,031,062900
267,4392,184,181,106,38,227,19,96,36,423,97,122,96,42,86,22,48,35,17,031,210700
268,2917,93,52,10,40,40,73,44,39,339,68,54,17,37,34,44,50,49,17,031,221200
269,3448,114,51,16,14,132,0,73,24,231,62,50,26,22,67,11,82,37,17,031,063000
270,2024,44,42,42,8,57,52,20,19,198,31,36,23,17,46,29,21,23,17,031,071200
271,4585,83,0,8,0,45,0,0,8,396,74,11,21,11,52,11,11,18,17,031,081500
272,1378,68,34,73,0,33,70,22,15,112,33,26,33,11,21,49,19,14,17,031,090300
273,5482,185,121,96,172,194,150,181,117,399,78,66,62,70,84,74,52,62,17,031,130300
274,4789,191,142,202,27,219,92,117,42,297,74,63,66,24,95,43,58,33,17,031,100600
275,3095,64,77,20,67,163,116,182,10,404,65,73,34,50,97,81,92,15,17,031,210900
276,1067,103,25,41,26,70,60,37,11,250,79,27,29,23,48,37,31,17,17,031,260200
277,3177,61,76,119,74,82,115,107,87,246,46,68,56,58,68,69,53,51,17,031,170700
278,2058,26,0,14,0,13,13,21,13,236,32,11,21,11,16,19,24,19,17,031,170100
279,2606,58,109,157,80,61,118,68,24,246,34,51,53,42,51,70,42,23,17,031,190100
280,2607,101,39,0,0,40,30,11,30,249,72,22,11,11,29,31,15,26,17,031,220500
281,2462,97,91,85,64,109,44,79,22,237,42,52,49,35,58,37,47,17,17,031,222700
282,6782,309,346,234,149,211,305,352,153,806,191,143,130,80,145,151,135,83,17,031,231200
283,5772,196,167,89,105,185,239,219,62,992,137,117,83,95,156,138,125,73,17,031,231500
284,2267,88,0,26,0,99,40,0,28,178,80,11,35,11,49,31,11,32,17,031,240500
285,928,35,17,0,0,8,30,24,11,115,27,17,11,11,14,28,26,18,17,031,240900
286,3347,105,36,18,32,123,43,24,20,327,59,26,22,41,64,37,22,22,17,031,242200
287,3584,236,62,24,9,81,24,19,20,267,134,38,24,33,43,26,17,34,17,031,243500
288,7452,367,287,85,145,135,216,301,177,780,157,162,69,99,88,94,129,139,17,031,250500
289,960,64,4,0,11,11,69,14,45,130,31,7,11,15,12,55,18,29,17,031,251000
290,3951,175,185,101,11,120,140,41,53,455,100,91,81,17,78,76,32,48,17,031,251400
291,2659,173,195,75,81,109,69,149,108,434,104,130,57,54,93,63,76,72,17,031,260800
292,2731,74,82,80,21,112,82,67,11,230,35,49,38,21,39,48,39,17,17,031,050100
293,1610,51,38,41,5,97,47,30,29,161,30,27,22,8,44,27,25,26,17,031,050700
294,3772,204,21,13,0,32,33,0,7,347,87,23,21,11,34,31,11,11,17,031,062100
295,4819,136,100,145,151,176,288,194,169,479,82,64,84,89,104,136,82,84,17,031,620100
296,7111,249,363,237,126,385,318,256,132,675,151,121,101,89,150,109,124,84,17,031,630800
297,3608,247,239,76,53,149,132,133,84,298,119,116,51,46,81,62,65,58,17,031,640700
298,4415,118,147,178,106,286,164,204,130,500,87,91,92,65,117,97,92,81,17,031,650100
299,1047,30,50,35,14,20,21,44,13,219,26,38,23,14,17,20,23,16,17,031,670500
300,1162,34,60,59,11,77,22,10,5,281,43,39,36,16,61,21,15,7,17,031,671900
301,2433,154,118,38,33,85,53,87,61,477,100,97,60,43,64,49,67,57,17,031,681400
302,4229,171,175,78,41,75,79,205,95,622,166,112,59,52,69,71,132,79,17,031,690900
303,2901,48,53,83,59,19,32,164,100,383,57,57,70,40,31,52,99,64,17,031,691400
304,4283,248,70,55,70,164,145,187,53,525,123,58,51,59,113,75,82,52,17,031,710500
305,2310,10,79,91,18,33,42,34,9,387,16,110,134,19,39,29,34,13,17,031,711100
306,5007,79,201,74,161,35,112,226,95,412,78,119,59,108,44,80,170,84,17,031,711200
307,2279,81,36,47,84,65,79,118,34,340,51,34,36,57,49,58,69,32,17,031,730700
308,3746,40,175,119,110,254,166,97,133,482,46,99,87,71,126,85,53,78,17,031,290900
309,4467,83,141,37,87,110,104,149,51,307,61,60,31,63,75,55,99,39,17,031,110400
310,4725,176,153,281,113,135,179,102,91,264,70,64,105,73,63,76,54,59,17,031,120200
311,4197,130,115,95,102,131,89,117,70,467,129,59,51,59,99,61,78,64,17,031,150700
312,3919,161,49,108,90,121,95,77,56,442,77,44,71,77,74,57,55,45,17,031,161300
313,2851,71,81,121,64,119,79,86,53,308,43,37,49,37,60,41,42,26,17,031,210400
314,1077,25,14,23,12,17,13,39,10,146,24,15,25,14,15,16,35,14,17,031,210800
315,3136,116,42,39,65,168,60,32,0,222,53,26,27,73,79,55,36,11,17,031,221600
316,2045,56,126,42,51,122,129,88,18,312,46,77,35,36,70,59,62,16,17,031,630200
317,6238,404,212,125,190,247,208,213,184,637,175,130,75,94,117,106,98,106,17,031,580700
318,3678,184,51,175,76,143,173,115,20,417,97,35,102,53,67,84,61,25,17,031,590600
319,2579,93,70,41,10,0,19,54,17,363,79,62,42,17,11,21,58,18,17,031,600700
320,1729,31,133,104,41,124,75,73,20,308,32,80,54,32,76,59,46,23,17,031,611900
321,2226,140,25,52,25,69,35,55,0,141,43,18,23,14,39,26,31,11,17,031,222200
322,1748,126,20,24,12,63,57,31,13,188,44,23,39,19,46,31,29,15,17,031,222500
323,968,58,11,23,12,18,28,34,31,164,39,14,25,13,18,25,31,24,17,031,222800
324,5899,162,156,322,215,398,266,293,125,703,112,80,103,103,155,110,128,78,17,031,230700
325,1641,41,41,16,5,48,39,23,15,164,31,19,17,7,23,21,18,23,17,031,240200
326,5230,94,56,60,0,229,84,14,74,472,75,72,69,15,103,56,25,77,17,031,241400
327,2679,71,44,21,22,31,21,7,10,296,40,36,31,25,24,25,10,15,17,031,242400
328,3282,182,24,123,0,73,40,60,42,376,86,22,65,11,50,36,51,45,17,031,242500
329,5752,185,208,109,69,158,108,181,60,702,106,170,102,112,137,97,171,78,17,031,242600
330,1669,82,78,42,38,34,32,15,0,220,52,39,30,29,32,32,16,11,17,031,242700
331,2044,101,48,8,0,114,12,41,25,215,61,30,12,11,60,16,37,20,17,031,243100
332,2375,60,59,56,9,11,57,74,15,282,47,36,46,15,16,50,50,19,17,031,243300
333,5118,277,144,280,114,327,107,164,78,595,170,81,151,68,164,82,99,60,17,031,250300
334,4176,165,207,131,103,84,118,108,71,633,91,133,82,75,61,58,75,48,17,031,251500
335,4466,364,200,130,99,266,303,81,47,677,161,120,74,110,133,157,76,45,17,031,251900
336,1713,66,59,73,42,71,93,92,37,322,58,48,48,33,58,76,86,37,17,031,260500
337,5290,173,209,245,71,332,218,301,135,639,113,101,107,56,162,77,159,88,17,031,630900
338,7211,369,294,451,52,240,324,199,154,903,238,195,225,47,200,193,158,122,17,031,650200
339,1666,7,51,37,27,42,38,49,8,293,11,36,35,24,36,30,36,13,17,031,660700
340,4694,178,163,199,124,194,262,138,48,722,123,105,94,78,129,108,87,47,17,031,660900
341,1333,44,39,44,80,37,74,65,16,227,32,40,37,56,33,44,35,26,17,031,680500
342,1308,107,31,46,6,52,55,26,21,311,69,29,40,8,44,52,22,25,17,031,680600
343,1471,62,54,65,43,52,25,61,30,227,61,47,62,33,41,28,43,22,17,031,710300
344,7482,226,351,367,211,257,262,463,326,648,107,129,167,92,129,110,184,116,17,031,191100
345,2089,35,53,47,14,95,43,67,24,273,33,43,32,22,72,34,46,27,17,031,230400
346,1617,58,5,11,4,113,25,22,4,204,40,8,11,9,57,29,18,6,17,031,242900
347,1725,50,92,36,0,100,21,58,83,211,38,35,30,11,59,22,42,68,17,031,570400
348,4092,188,0,16,0,0,17,0,0,283,26,11,27,11,11,27,11,11,17,031,081100
349,5720,115,207,219,102,157,81,192,84,510,85,87,91,66,101,44,63,52,17,031,110300
350,5624,174,202,287,104,270,228,215,84,625,120,101,100,64,98,113,110,54,17,031,190200
351,2848,41,55,66,12,47,24,29,22,274,39,58,63,16,34,29,33,36,17,031,221300
352,4487,87,69,143,276,136,69,81,98,522,67,65,100,137,121,55,73,63,17,031,251200
353,1600,26,11,20,27,32,24,30,24,196,25,14,18,28,25,23,34,24,17,031,282800
354,2150,66,97,166,53,141,135,70,42,410,60,53,82,36,96,73,44,33,17,031,260600
355,4923,241,121,0,0,71,0,21,0,511,165,108,11,11,55,11,33,11,17,031,320600
356,2021,79,114,131,109,105,154,135,42,231,47,63,51,63,56,63,48,32,17,031,350400
357,976,70,48,18,0,13,48,17,19,228,57,43,15,11,25,36,20,22,17,031,291600
358,2203,50,8,99,49,128,69,56,32,516,47,12,45,37,79,50,39,32,17,031,292400
359,2423,143,131,72,40,127,149,120,64,297,67,65,46,36,62,88,67,44,17,031,301100
360,4881,210,218,239,119,271,192,271,146,554,106,120,135,107,131,101,121,93,17,031,301600
361,1803,22,53,79,5,49,55,30,21,265,21,29,56,11,43,38,33,27,17,031,310300
362,13379,217,45,0,0,378,111,0,52,912,156,75,17,17,182,114,17,79,17,031,320100
363,19889,417,234,264,44,359,769,371,52,1479,248,211,290,78,205,345,236,45,17,031,330100
364,6650,134,252,78,134,217,90,72,0,514,138,126,72,98,120,75,64,15,17,031,010300
365,1457,68,85,31,27,50,34,49,6,114,21,35,21,23,27,24,27,8,17,031,050800
366,2720,16,89,109,47,57,70,132,79,315,24,47,83,45,43,39,67,61,17,031,490700
367,1302,67,79,15,0,28,40,37,11,183,29,36,13,11,18,25,23,12,17,031,050900
368,1654,148,77,30,43,82,111,26,17,196,48,45,19,37,34,46,21,15,17,031,051100
369,2340,34,167,89,45,101,56,66,55,270,37,92,53,37,71,37,41,37,17,031,490300
370,6064,186,272,119,90,194,135,244,104,699,129,89,86,80,106,105,107,72,17,031,561000
371,2326,96,133,68,109,76,119,64,27,319,51,62,44,46,49,65,37,33,17,031,611100
372,3060,92,148,150,122,110,35,191,35,539,72,89,86,88,63,33,88,40,17,031,611400
373,6098,347,327,295,163,240,163,269,218,647,131,154,110,92,112,81,99,81,17,031,630500
374,1472,78,26,20,35,68,31,12,4,209,48,19,17,18,40,27,14,6,17,031,640100
375,4022,132,100,168,27,36,142,241,83,448,87,83,86,22,36,79,105,67,17,031,640600
376,2454,35,53,152,30,84,129,165,35,374,38,41,72,28,75,69,64,48,17,031,690300
377,1939,148,65,8,24,152,70,59,33,260,101,63,11,27,75,43,34,24,17,031,691500
378,1097,56,33,51,59,19,15,6,18,243,52,52,51,49,29,26,9,26,17,031,710100
379,3409,134,77,135,50,162,87,141,30,257,80,70,78,54,89,52,76,27,17,031,720100
380,4047,41,97,194,67,165,33,132,131,405,53,98,102,44,113,36,94,85,17,031,720200
381,1963,75,83,60,64,92,76,63,29,130,39,32,44,28,32,48,32,24,17,031,720400
382,3066,49,78,110,18,135,107,101,17,332,48,57,51,21,81,51,58,18,17,031,720700
383,6011,159,149,253,47,152,123,257,90,693,76,76,172,51,106,108,113,60,17,031,140400
384,6454,145,374,136,37,180,242,96,147,578,118,297,94,34,188,112,56,96,17,031,140800
385,7747,266,94,203,158,164,257,175,99,731,117,83,124,108,105,97,107,60,17,031,150200
386,5593,122,138,109,182,261,70,180,49,399,81,81,59,116,126,46,78,35,17,031,170500
387,6191,214,61,99,80,172,180,131,8,642,102,52,89,63,82,146,125,16,17,031,160700
388,2151,100,85,67,16,105,40,114,9,199,57,49,41,17,48,22,34,8,17,031,161000
389,5350,193,103,219,111,239,296,101,103,512,94,69,130,72,98,158,72,86,17,031,170300
390,7328,263,172,144,182,129,185,160,132,659,141,121,96,109,93,95,114,106,17,031,171000
391,2213,126,96,135,21,154,205,203,72,247,87,56,70,32,95,92,119,52,17,031,351100
392,1703,0,20,17,22,20,0,23,16,218,11,29,24,22,28,11,38,23,17,031,380200
393,1267,73,39,11,33,50,33,7,28,194,30,30,14,28,39,24,10,21,17,031,381900
394,2295,26,51,56,29,73,63,65,45,250,17,22,26,18,29,24,32,28,17,031,411100
395,1672,56,71,84,41,79,41,56,69,316,44,55,64,37,64,52,34,45,17,031,420200
396,2651,144,150,107,49,67,115,61,38,361,67,59,46,36,49,54,43,27,17,031,191000
397,5941,247,184,266,192,363,362,289,141,660,128,91,120,83,136,141,132,102,17,031,610300
398,2390,64,142,41,25,63,53,50,45,455,54,79,40,32,64,47,43,42,17,031,611800
399,2511,159,209,131,73,62,99,142,77,460,88,76,79,48,59,53,76,49,17,031,681200
400,3012,36,48,19,45,34,87,110,82,468,53,74,19,50,52,64,82,75,17,031,711000
401,6530,153,203,316,276,172,310,413,298,429,110,111,129,144,116,136,150,122,17,031,650400
402,4720,198,240,212,242,153,210,182,66,634,104,124,103,131,112,106,92,48,17,031,660500
403,6851,286,166,208,125,283,201,444,241,556,129,80,82,82,130,95,135,92,17,031,661100
404,1050,7,20,13,21,77,7,29,17,192,10,20,21,27,55,10,30,17,17,031,670600
405,624,0,15,66,7,6,15,26,0,147,11,23,64,11,9,23,25,11,17,031,690500
406,2550,51,0,79,100,40,14,90,47,475,60,11,73,76,41,24,62,50,17,031,691000
407,5514,130,217,259,160,97,171,250,133,537,96,118,133,81,82,69,120,80,17,031,710400
408,4552,65,76,115,109,187,166,180,71,311,48,55,63,57,90,60,79,45,17,031,740400
409,7439,27,25,0,0,31,45,45,45,634,43,42,15,15,50,45,45,60,17,031,081000
410,2582,54,68,52,23,91,23,31,8,295,42,58,47,31,66,22,31,15,17,031,030400
411,3061,71,45,16,10,43,43,57,35,431,53,26,18,16,38,31,36,38,17,031,030900
412,2566,27,56,21,92,22,32,31,19,221,32,34,22,66,19,22,26,28,17,031,031900
413,5431,298,369,115,58,183,295,117,0,527,153,112,100,55,87,97,71,15,17,031,050200
414,3763,168,228,170,77,65,82,60,37,375,98,75,78,53,50,58,45,31,17,031,200100
415,2464,73,99,82,18,66,44,65,13,286,59,85,64,18,37,30,46,15,17,031,160900
416,1881,25,77,56,20,21,54,73,73,254,18,33,36,19,24,37,43,61,17,031,170900
417,2201,82,77,33,20,59,38,21,31,211,40,37,27,24,27,31,25,25,17,031,220300
418,5153,36,163,39,29,48,69,109,75,609,40,148,51,26,62,76,119,70,17,031,010400
419,950,20,9,5,44,65,50,53,22,157,19,16,7,33,52,26,27,14,17,031,630100
420,5157,73,189,173,106,127,122,251,201,615,78,113,91,73,91,78,119,110,17,031,661000
421,884,57,34,33,12,53,28,52,0,261,73,34,30,18,53,36,42,11,17,031,670200
422,1983,50,37,110,79,32,63,50,42,257,44,40,58,51,28,54,47,43,17,031,380100
423,1256,57,41,16,32,25,54,71,7,246,38,31,20,37,23,34,40,12,17,031,671800
424,2993,117,86,105,131,126,60,90,111,434,96,68,62,72,83,54,60,73,17,031,691100
425,4440,102,281,109,90,107,74,93,179,597,75,146,81,82,121,59,76,109,17,031,530300
426,5341,215,94,91,13,174,159,153,126,298,88,65,66,20,87,117,93,68,17,031,560900
427,2555,60,115,150,115,51,46,69,52,321,38,52,63,65,34,26,39,35,17,031,580300
428,2521,105,161,112,66,108,121,89,37,348,64,91,62,45,67,68,55,33,17,031,611300
429,1608,70,38,35,31,137,36,52,12,322,59,44,33,30,87,42,44,15,17,031,611600
430,7784,228,249,365,313,405,378,256,172,733,125,119,150,128,150,139,113,92,17,031,620300
431,4503,85,154,308,149,159,177,139,104,497,61,101,104,99,95,80,82,63,17,031,620400
432,4102,134,131,86,64,102,114,130,119,324,77,63,50,37,56,56,51,59,17,031,120100
433,3527,168,168,137,107,200,104,258,23,402,103,97,77,69,88,62,149,32,17,031,140100
434,4967,117,176,133,145,70,149,76,86,516,69,106,81,83,65,79,69,61,17,031,150800
435,5325,92,155,132,97,188,177,264,130,512,54,85,53,59,118,122,114,83,17,031,151100
436,2577,124,86,67,11,131,115,40,50,252,63,45,49,12,58,78,25,40,17,031,160100
437,4693,164,126,110,40,158,153,133,6,437,93,66,65,37,85,73,73,10,17,031,160400
438,3841,122,96,125,72,151,120,116,69,284,77,43,68,54,74,47,73,44,17,031,171100
439,5535,153,143,111,91,175,281,130,129,564,67,88,64,58,74,131,78,69,17,031,190300
440,2537,120,69,61,22,97,42,177,34,333,73,43,31,15,58,40,89,36,17,031,190900
441,1962,72,83,51,68,101,66,58,40,301,61,47,39,42,74,41,45,25,17,031,200300
442,5367,120,119,136,46,279,259,193,44,554,79,72,79,43,152,158,90,41,17,031,110100
443,3433,179,90,72,18,64,22,153,90,427,107,48,47,20,54,28,158,92,17,031,110200
444,1547,62,23,34,20,32,52,57,34,134,36,19,19,17,29,32,33,35,17,031,130200
445,841,44,64,52,0,63,46,73,5,280,44,42,60,11,54,42,59,9,17,031,271800
446,888,1,29,50,33,0,21,17,9,148,5,21,45,25,11,22,15,10,17,031,280800
447,991,63,64,48,33,32,42,26,10,159,48,42,31,23,26,33,20,10,17,031,280900
448,6018,122,24,0,0,82,48,53,46,545,84,33,15,15,66,40,71,62,17,031,281900
449,2480,97,49,97,53,83,156,201,113,367,69,43,73,54,61,98,81,65,17,031,291200
450,5059,144,22,57,0,82,73,137,0,614,168,29,71,15,28,74,64,15,17,031,031100
451,0,0,0,0,0,0,0,0,0,11,11,11,11,11,11,11,11,11,17,031,381700
452,1570,69,52,35,44,121,77,99,6,232,35,39,28,36,81,45,61,10,17,031,390100
453,1275,14,28,33,16,19,28,21,32,242,14,29,34,24,29,47,17,36,17,031,380700
454,1724,181,38,0,0,44,132,0,0,408,123,61,11,11,71,100,11,11,17,031,381200
455,1656,56,51,32,18,80,56,40,16,230,31,44,27,17,56,33,32,17,17,031,390200
456,1317,99,28,35,16,11,102,50,49,230,71,29,46,21,20,63,42,40,17,031,400300
457,2514,43,34,20,0,161,74,55,18,289,53,35,24,11,71,49,54,27,17,031,040600
458,2758,117,159,94,43,74,49,128,81,352,93,61,56,39,45,35,77,49,17,031,580100
459,5174,123,126,255,104,147,232,294,121,547,72,77,122,61,74,99,105,71,17,031,580600
460,7157,281,240,212,17,315,250,352,169,618,178,140,146,30,158,160,213,135,17,031,640300
461,4549,162,191,128,201,105,198,154,61,495,84,85,56,93,75,78,86,42,17,031,650500
462,1656,38,43,57,24,48,86,81,35,257,31,32,37,17,33,38,44,29,17,031,670400
463,3430,69,162,26,45,208,144,72,84,472,66,101,40,51,159,99,66,78,17,031,680900
464,2910,208,149,24,26,216,164,57,10,582,129,94,38,23,128,98,51,16,17,031,681100
465,2279,105,84,54,72,122,149,95,72,355,97,46,36,43,81,71,88,40,17,031,681300
466,3031,58,10,56,103,17,69,47,24,391,75,18,54,71,27,60,50,26,17,031,690400
467,6638,289,290,205,145,212,377,350,94,471,123,90,93,78,99,174,134,67,17,031,700200
468,2559,58,104,44,54,63,87,72,55,293,32,55,41,37,66,56,50,35,17,031,711500
469,3559,173,64,27,72,98,81,228,128,531,100,62,32,71,101,80,121,94,17,031,730600
470,6661,260,144,131,168,215,159,235,165,443,159,75,94,85,111,93,102,83,17,031,740200
471,3814,40,23,53,102,81,0,113,107,454,40,26,59,99,79,11,76,100,17,031,750100
472,2778,88,51,18,49,149,98,91,49,239,68,55,24,64,100,78,54,39,17,031,750200
473,2494,105,86,97,47,119,99,65,91,159,74,58,41,30,58,40,42,42,17,031,750300
474,3032,108,73,142,74,40,63,108,56,299,80,42,80,51,39,39,48,49,17,031,750400
475,1842,35,29,40,60,15,56,27,16,240,24,23,29,44,15,34,25,19,17,031,590500
476,4413,202,109,156,48,59,103,90,67,388,146,68,103,57,54,62,58,61,17,031,600400
477,2101,69,94,78,70,39,111,106,37,109,47,45,35,34,37,64,45,35,17,031,720500
478,1751,69,40,86,10,103,76,24,27,102,39,31,40,9,43,27,20,25,17,031,720600
479,2695,47,60,23,31,47,73,142,101,286,45,45,23,25,43,41,44,57,17,031,730100
480,1313,0,0,28,33,13,0,55,26,169,11,11,30,27,21,11,27,26,17,031,461000
481,1103,22,16,34,18,12,19,23,5,143,31,24,33,16,13,27,17,7,17,031,480300
482,1718,73,88,20,14,118,96,16,26,147,29,62,24,15,41,43,17,19,17,031,051000
483,1796,85,80,67,7,56,54,39,8,163,34,32,27,10,33,29,20,10,17,031,051400
484,5048,114,64,19,19,36,51,65,42,400,107,41,30,29,40,81,42,82,17,031,060800
485,2370,156,54,53,32,124,79,93,17,180,51,29,40,21,40,42,41,16,17,031,062600
486,4604,91,116,37,28,59,35,25,12,638,64,99,37,28,44,25,25,19,17,031,071000
487,3508,145,120,219,29,59,89,122,23,179,63,63,70,29,42,46,61,26,17,031,090100
488,4246,140,87,160,92,117,130,101,56,461,72,40,96,55,56,61,55,46,17,031,150600
489,1829,68,60,37,21,58,27,23,6,150,30,24,21,17,34,29,19,10,17,031,040800
490,1051,35,77,34,22,19,28,28,13,208,35,39,33,20,23,21,28,22,17,031,222900
491,5444,63,142,105,89,135,65,51,65,567,51,78,63,60,68,56,41,56,17,031,030200
492,1379,49,28,15,0,23,8,15,0,187,34,17,9,11,20,12,9,11,17,031,061100
493,1592,35,41,22,11,34,40,57,15,148,23,28,19,13,21,22,33,16,17,031,283200
494,3567,292,122,133,27,201,176,121,37,833,179,108,113,39,175,121,81,59,17,031,491400
495,2726,96,134,98,22,116,51,95,37,275,71,76,71,23,91,44,77,36,17,031,550200
496,4392,47,155,0,55,123,153,28,0,414,54,87,11,59,61,94,41,11,17,031,030800
497,6069,434,266,231,81,131,282,337,114,593,230,106,122,58,75,102,133,60,17,031,050500
498,6829,309,361,218,158,475,281,213,200,564,125,122,92,74,154,138,88,104,17,031,630400
499,1126,34,29,45,13,54,17,37,23,282,33,29,38,14,42,24,35,28,17,031,670300
500,2641,62,77,110,17,64,44,0,48,661,68,90,74,27,71,50,11,63,17,031,681000
501,4329,179,264,105,127,98,132,173,80,546,113,131,77,82,83,82,115,68,17,031,710200
502,1210,9,53,81,34,71,23,0,52,251,13,43,61,39,51,20,11,39,17,031,421200
503,1836,132,66,109,12,94,105,10,63,239,75,57,77,26,48,53,17,37,17,031,351400
504,2110,64,118,66,41,31,98,95,69,271,48,71,45,33,33,61,48,47,17,031,491200
505,2251,16,12,0,0,34,6,0,13,237,21,19,11,11,40,13,11,20,17,031,350100
506,2885,129,76,40,62,179,73,58,34,278,57,41,40,44,77,37,37,28,17,031,062700
507,1072,100,61,39,20,39,8,85,20,251,85,49,38,24,32,16,62,27,17,031,670700
508,5355,64,239,213,131,125,231,227,85,104,47,87,86,73,74,87,109,63,17,031,810400
509,1760,84,127,144,143,111,79,35,10,331,67,77,102,73,107,88,43,10,17,031,280400
510,2705,141,164,112,49,37,133,115,80,471,76,173,77,40,39,64,55,54,17,031,292200
511,2889,97,138,125,66,56,162,101,18,306,72,82,66,46,44,80,49,19,17,031,300500
512,3186,103,116,78,114,97,127,101,90,350,58,61,53,60,52,62,53,56,17,031,300600
513,1460,8,23,23,26,10,36,30,15,264,13,28,26,26,15,46,33,24,17,031,310700
514,4800,133,132,121,62,151,94,93,101,488,77,78,73,51,99,55,55,80,17,031,200200
515,3026,180,39,119,71,81,51,28,41,373,99,32,80,93,44,38,29,42,17,031,221400
516,1001,103,22,40,22,27,59,0,21,176,60,24,29,20,24,53,11,20,17,031,230300
517,4965,122,297,221,141,163,151,195,64,529,73,160,109,91,94,120,107,57,17,031,230900
518,1292,49,76,60,18,75,17,44,28,300,30,47,39,20,53,18,29,25,17,031,231100
519,1506,83,60,7,0,94,55,7,0,180,46,35,11,11,37,30,11,11,17,031,240600
520,2742,156,44,35,12,37,92,25,22,287,68,42,40,18,35,68,23,24,17,031,243400
521,2730,85,107,128,77,67,125,68,44,291,50,58,62,53,34,55,48,26,17,031,250200
522,5396,134,139,88,75,117,178,160,59,716,150,120,73,76,126,118,116,37,17,031,250700
523,3934,89,116,148,60,63,113,20,61,476,64,79,64,54,60,67,27,51,17,031,251300
524,2172,57,22,45,63,59,29,171,24,378,42,18,39,64,48,19,135,17,17,031,282700
525,4853,106,0,50,0,74,0,0,0,406,94,11,49,11,59,11,11,11,17,031,031400
526,3302,105,55,32,0,0,0,0,19,396,73,54,52,11,11,11,11,37,17,031,080202
527,4500,73,0,0,0,59,17,0,0,494,77,11,11,11,93,26,11,11,17,031,081201
528,2951,68,48,33,5,29,0,0,25,230,42,53,35,10,36,11,11,31,17,031,081202
529,2342,0,0,0,7,25,25,30,0,239,11,11,11,12,28,29,40,11,17,031,081401
530,5325,205,31,0,16,131,18,43,20,577,120,43,15,26,136,28,58,31,17,031,081402
531,8046,188,39,102,0,0,0,56,0,704,208,59,86,15,15,15,78,15,17,031,081403
532,5390,124,126,261,128,119,75,211,91,512,76,63,109,89,65,63,109,60,17,031,110501
533,3612,121,45,61,5,304,43,56,36,439,72,32,52,8,152,33,49,31,17,031,110502
534,3118,52,58,88,48,91,98,92,53,446,52,55,68,50,70,103,71,50,17,031,430101
535,3046,111,30,28,21,39,0,59,70,301,84,49,53,22,35,11,55,82,17,031,430102
536,3580,120,47,117,42,282,199,100,76,566,90,54,85,46,141,120,103,61,17,031,431301
537,4204,232,266,169,82,166,195,216,54,729,136,134,95,74,109,155,141,63,17,031,431302
538,4105,231,121,172,42,223,211,78,67,601,121,101,127,51,120,112,87,56,17,031,440101
539,3266,151,31,84,25,153,142,117,24,584,101,35,83,27,110,104,95,38,17,031,440102
540,4890,261,186,181,71,130,90,173,21,746,181,165,151,80,133,88,136,35,17,031,440201
541,3213,67,83,73,21,54,58,131,60,320,68,72,59,25,63,54,93,55,17,031,440202
542,3124,122,114,140,106,184,122,87,216,458,70,77,76,59,108,90,56,122,17,031,460301
543,3483,113,100,50,80,186,94,237,217,529,113,44,58,60,113,64,147,118,17,031,460302
544,3689,251,100,207,60,137,99,59,20,562,154,71,133,54,87,96,53,22,17,031,490901
545,4355,62,74,178,89,11,161,150,168,479,71,76,113,60,17,105,79,85,17,031,490902
546,4644,142,122,201,99,83,163,243,128,726,131,73,119,76,73,91,139,88,17,031,530501
547,1552,46,83,19,12,44,68,18,17,214,37,48,19,19,42,45,20,21,17,031,530502
548,5973,248,122,180,147,137,261,303,214,721,187,70,101,108,89,122,146,101,17,031,530503
549,4055,233,250,158,194,283,224,205,99,567,107,127,93,98,131,124,90,60,17,031,540101
550,5276,208,198,162,175,187,198,197,192,542,108,91,86,92,101,96,125,108,17,031,650301
551,3207,204,132,86,81,220,267,184,95,365,146,93,60,59,96,117,104,61,17,031,540102
552,4981,194,294,204,54,202,194,268,106,541,89,115,88,49,96,132,104,58,17,031,580501
553,5581,131,391,169,45,273,124,220,52,582,78,157,89,36,102,68,82,50,17,031,580502
554,4195,140,122,223,126,181,94,167,181,510,77,114,112,82,103,54,119,79,17,031,650302
555,1507,69,11,83,24,106,41,76,68,271,48,18,59,26,52,35,48,48,17,031,660301
556,5020,179,227,149,106,233,173,120,99,640,100,123,101,60,141,99,84,101,17,031,660302
557,6389,272,214,285,315,100,252,334,141,535,122,88,89,110,70,83,150,61,17,031,700301
558,5899,186,184,297,107,132,319,221,110,332,129,72,129,58,67,136,87,58,17,031,700302
559,6643,242,231,301,145,152,246,341,203,493,101,110,90,79,99,124,114,88,17,031,700401
560,4498,197,179,197,126,207,214,162,142,452,78,84,111,77,93,120,76,80,17,031,700402
561,6994,38,175,249,14,205,124,275,53,570,43,120,182,22,193,103,139,58,17,031,700501
562,3373,227,136,69,50,44,99,160,44,403,161,49,48,52,56,71,76,34,17,031,700502
563,5708,94,124,80,188,251,137,53,196,785,101,123,96,175,177,109,66,110,17,031,730201
564,3550,0,51,138,66,66,109,86,74,495,11,54,90,55,75,78,64,74,17,031,730202
565,4298,185,38,87,69,164,47,107,24,383,113,47,102,69,135,50,102,30,17,031,760801
566,2544,32,78,39,45,47,27,75,23,232,32,60,42,38,38,28,62,35,17,031,760802
567,5707,80,233,157,61,181,101,71,40,456,68,223,100,59,94,72,80,45,17,031,760803
568,2700,118,101,37,81,204,117,44,38,387,75,52,41,53,81,67,41,32,17,031,140301
569,4127,208,102,110,49,88,141,116,89,481,106,71,67,37,48,107,88,54,17,031,140302
570,2927,77,69,107,49,56,57,93,80,228,42,41,60,40,43,31,48,42,17,031,140601
571,4822,216,127,66,108,129,237,152,93,503,119,78,70,89,82,119,80,62,17,031,140602
572,2920,77,40,110,28,105,90,132,27,288,37,30,57,22,58,43,79,22,17,031,140701
573,6162,277,272,136,86,137,191,278,59,449,118,104,79,44,87,102,125,43,17,031,140702
574,5228,126,146,275,75,132,179,236,134,492,103,89,164,63,85,90,131,98,17,031,150401
575,3599,59,115,147,24,111,120,40,97,338,39,72,80,23,57,73,29,69,17,031,150402
576,5211,181,206,218,143,193,121,70,114,518,99,91,96,86,183,70,47,58,17,031,770602
577,3473,89,55,96,72,49,170,38,41,322,61,59,50,38,39,119,40,33,17,031,770902
578,4959,172,241,176,181,177,236,385,235,732,102,151,140,143,102,147,189,125,17,031,830500
579,4861,123,91,112,58,79,205,250,47,474,70,57,63,46,61,104,103,44,17,031,830600
580,3693,50,80,59,24,72,85,71,69,491,35,59,43,26,88,50,40,50,17,031,830700
581,2512,89,52,0,0,67,45,0,11,246,44,36,11,11,50,42,11,17,17,031,830800
582,3089,59,134,28,36,59,70,45,66,356,33,102,33,46,39,46,34,60,17,031,830900
583,2195,57,72,19,0,103,35,32,0,218,36,43,20,11,53,26,36,11,17,031,831000
584,7891,177,183,194,31,296,320,152,180,1027,98,124,129,44,150,192,133,131,17,031,831100
585,4838,258,152,148,154,182,166,159,106,579,117,77,84,65,130,70,84,65,17,031,831200
586,1047,9,0,64,35,19,0,15,54,177,14,11,58,37,21,11,23,45,17,031,831300
587,2976,63,203,71,33,91,85,76,43,360,58,64,48,34,64,47,50,42,17,031,831400
588,3720,176,158,120,50,181,60,68,65,379,106,82,80,38,125,47,51,60,17,031,831500
589,7451,327,274,207,145,167,338,232,114,864,164,128,107,118,102,192,99,92,17,031,831600
590,2500,51,155,66,79,106,46,75,59,276,38,72,45,70,52,27,30,38,17,031,831700
591,6194,283,321,128,41,92,119,126,52,561,136,157,101,44,83,108,104,59,17,031,831800
592,2913,63,103,61,11,68,52,42,22,348,44,64,54,16,46,40,53,25,17,031,831900
593,1781,67,9,24,11,6,6,0,18,158,29,9,17,15,9,9,11,25,17,031,832000
594,3533,161,31,55,0,62,0,32,15,274,109,40,52,11,39,11,45,23,17,031,832100
595,3289,239,58,38,17,125,58,59,34,391,129,50,36,26,83,32,53,56,17,031,832200
596,2001,90,62,18,26,99,27,13,4,174,46,25,28,29,45,19,12,7,17,031,832300
597,3038,118,18,46,30,170,50,32,41,285,56,21,29,22,75,31,26,34,17,031,832400
598,3551,124,64,133,31,108,112,49,10,341,63,39,53,28,56,53,35,16,17,031,832500
599,3780,165,41,91,7,131,70,43,55,298,70,29,40,11,54,39,35,33,17,031,832600
600,2322,43,33,0,9,70,6,7,14,314,38,53,11,15,32,17,18,22,17,031,832900
601,4138,108,33,61,0,125,107,32,41,386,115,62,66,11,146,54,60,46,17,031,833000
602,7250,277,210,67,10,353,174,49,87,589,121,94,67,40,159,123,44,73,17,031,833100
603,2699,0,7,29,6,112,23,7,14,306,11,11,26,9,60,24,12,15,17,031,833300
604,2530,92,63,139,93,119,85,162,64,344,73,43,71,49,57,48,60,45,17,031,833900
605,2926,105,53,134,20,145,12,86,76,466,78,47,81,22,93,19,74,64,17,031,834000
606,4249,197,145,159,96,209,160,294,71,759,165,113,125,104,248,141,175,97,17,031,834200
607,6004,191,43,86,210,253,166,114,93,763,107,68,90,101,204,109,79,73,17,031,834300
608,4390,101,234,197,112,147,164,123,116,599,112,173,147,81,141,90,81,73,17,031,834400
609,1376,67,130,61,37,56,40,65,69,250,49,64,32,25,42,30,40,41,17,031,834500
610,1975,40,61,22,6,93,68,113,28,465,42,43,31,11,98,67,81,30,17,031,834600
611,1426,39,45,94,31,97,41,47,20,349,50,38,86,33,55,47,34,24,17,031,834700
612,1546,64,46,0,43,48,25,38,23,215,65,36,11,41,41,28,42,20,17,031,834800
613,1615,30,64,62,29,22,74,34,58,222,34,57,31,22,30,57,32,44,17,031,834900
614,5622,158,249,297,109,231,149,154,168,690,95,114,147,68,118,89,81,82,17,031,835000
615,5505,134,140,273,174,211,400,181,135,511,87,107,183,138,128,133,105,79,17,031,835100
616,2020,36,88,58,34,82,37,48,27,248,33,49,33,31,39,27,43,24,17,031,835200
617,1479,16,14,96,0,33,33,7,8,214,25,16,66,11,48,30,11,10,17,031,835500
618,841,23,33,10,4,19,2,30,12,111,23,22,16,10,28,8,22,16,17,031,835600
619,416,0,34,0,46,19,64,48,16,315,11,37,11,75,30,84,80,24,17,031,835700
620,1858,43,59,143,39,144,118,56,33,370,49,44,115,35,88,65,43,34,17,031,835800
621,1604,9,14,9,0,0,0,0,24,319,12,14,10,11,11,11,11,28,17,031,836200
622,3190,57,120,155,65,125,158,111,32,467,67,72,108,48,70,114,72,35,17,031,835900
623,2785,155,267,119,24,122,81,41,45,356,72,133,59,25,77,61,30,38,17,031,836000
624,2039,82,153,81,44,110,94,58,45,352,64,89,72,40,83,46,41,41,17,031,836100
625,2031,87,40,26,34,48,52,44,41,257,47,31,25,28,55,30,40,29,17,031,340400
626,1503,39,33,110,102,34,79,110,77,197,32,40,46,63,38,62,48,52,17,031,360200
627,7338,256,218,214,207,392,339,303,112,751,109,106,73,99,137,117,106,69,17,031,190800
628,3934,98,213,148,94,142,132,236,91,442,51,87,61,42,64,61,76,54,17,031,191200
629,3684,195,143,192,72,83,99,19,11,427,79,74,97,54,58,54,19,12,17,031,210100
630,2643,107,9,9,8,63,27,18,36,350,94,13,13,14,48,24,29,37,17,031,220400
631,1500,64,18,32,18,33,34,58,19,218,41,18,26,21,21,27,40,15,17,031,240800
632,2274,25,20,19,39,28,40,65,0,209,25,23,26,45,27,39,51,11,17,031,243000
633,2427,125,43,95,73,101,82,90,81,462,79,39,68,61,86,74,65,58,17,031,250800
634,1329,22,45,41,38,56,28,43,26,228,21,38,38,27,56,26,33,39,17,031,251700
635,1573,75,46,21,22,43,14,31,0,146,36,43,22,17,26,17,30,11,17,031,222600
636,1425,131,58,26,28,54,43,49,31,187,49,58,29,23,43,29,32,32,17,031,230800
637,1752,61,42,104,14,33,51,36,40,165,43,33,79,15,31,33,29,30,17,031,240700
638,2096,79,55,83,24,46,73,57,44,252,39,35,33,25,37,40,42,27,17,031,241000
639,3826,140,87,68,87,94,88,63,49,376,77,50,58,59,59,68,41,41,17,031,241100
640,5254,150,81,20,83,48,100,114,0,707,110,66,37,94,52,103,111,15,17,031,242000
641,3878,156,64,10,26,103,36,20,0,372,59,63,16,41,52,24,23,11,17,031,242100
642,4120,51,100,47,75,169,146,109,137,363,49,64,37,58,107,89,71,71,17,031,250600
643,4416,93,250,101,108,240,172,156,135,505,57,142,71,73,113,71,90,74,17,031,251100
644,1488,45,12,46,21,19,13,26,0,235,25,13,32,35,20,24,36,11,17,031,836300
645,3737,149,137,176,94,114,149,180,57,297,72,77,69,74,104,87,97,46,17,031,836400
646,1610,59,61,126,110,84,41,36,16,219,51,54,56,76,59,45,37,20,17,031,836500
647,2291,27,52,49,108,39,66,23,101,462,33,44,49,80,41,54,27,70,17,031,836600
648,2422,159,163,121,57,65,68,100,32,374,96,90,61,56,48,57,64,32,17,031,836700
649,2164,82,114,103,26,107,102,71,65,461,71,112,99,42,94,85,63,57,17,031,836800
650,1251,53,55,69,79,86,49,45,53,249,32,39,47,64,44,45,36,35,17,031,836900
651,2460,68,21,72,41,72,109,130,72,303,47,26,54,39,67,58,65,48,17,031,837400
652,1950,52,128,104,77,114,117,58,56,315,35,60,50,62,66,67,45,40,17,031,837000
653,1596,46,33,23,5,33,5,96,38,235,38,36,27,8,33,10,55,34,17,031,837100
654,2607,111,202,135,38,174,132,89,53,383,67,79,82,29,90,73,52,41,17,031,837300
655,2662,139,102,69,100,53,39,52,65,377,101,82,40,75,53,27,43,34,17,031,837800
656,2577,128,15,75,40,166,38,39,21,387,85,25,65,45,158,48,40,24,17,031,838000
657,1760,22,0,26,0,29,17,16,8,183,27,11,26,11,26,20,18,12,17,031,838100
658,1976,0,5,58,217,0,19,21,11,286,11,8,46,145,11,21,16,13,17,031,838200
659,1425,73,30,0,15,37,20,20,29,172,38,32,11,25,36,17,23,24,17,031,838300
660,1507,112,60,9,51,108,83,40,21,254,54,42,16,48,67,55,40,22,17,031,838600
661,4311,237,247,211,55,104,214,139,60,542,126,113,97,54,69,98,81,60,17,031,838700
662,3173,81,162,141,100,88,185,223,64,380,71,93,83,69,68,103,120,47,17,031,838800
663,8789,174,60,28,22,95,72,187,0,751,126,76,45,36,72,87,133,15,17,031,839000
664,7352,52,43,66,9,51,21,0,54,548,54,47,59,17,55,35,15,72,17,031,839100
665,2452,43,22,0,21,97,37,55,45,338,43,35,11,23,70,43,64,44,17,031,839200
666,1510,0,24,22,0,38,0,0,0,194,11,24,25,11,33,11,11,11,17,031,839500
667,1367,0,4,54,3,57,0,0,39,192,11,7,68,7,63,11,11,39,17,031,839600
668,4510,175,133,132,52,122,114,132,81,506,90,74,83,45,73,69,74,61,17,031,839700
669,2831,98,34,81,81,58,24,70,29,285,58,26,57,53,40,21,44,28,17,031,839800
670,4419,149,127,56,10,162,142,144,69,392,73,50,48,16,88,59,73,60,17,031,839900
671,2881,144,94,102,33,103,93,47,35,301,88,57,67,28,64,65,30,45,17,031,840000
672,3176,48,63,117,105,74,25,104,17,337,43,46,70,67,53,28,62,20,17,031,840100
673,2488,46,80,84,35,36,62,98,23,270,34,47,48,24,31,36,35,23,17,031,840200
674,3872,144,103,122,80,92,76,162,85,370,97,57,84,67,86,53,85,55,17,031,840300
675,3135,98,45,56,30,67,212,75,46,407,79,48,52,28,46,151,57,32,17,031,840400
676,3697,131,146,294,51,158,156,149,113,649,107,76,174,59,81,88,79,76,17,031,840700
677,3011,120,187,133,89,108,124,173,85,390,98,77,69,47,96,53,62,64,17,031,840800
678,979,24,19,0,7,20,0,34,0,81,20,20,11,9,16,11,37,11,17,031,841000
679,7072,260,185,196,112,121,13,37,108,663,178,108,98,98,96,21,47,76,17,031,841100
680,4839,81,94,181,66,180,213,244,100,559,66,75,104,57,76,106,98,82,17,031,841200
681,3960,93,113,181,12,128,73,95,123,470,66,71,80,18,87,61,67,90,17,031,841300
682,1135,27,63,42,37,31,32,39,40,201,32,42,33,25,31,30,28,29,17,031,841400
683,2847,44,125,164,80,102,102,128,124,339,42,83,98,57,69,66,60,69,17,031,841500
684,655,18,20,57,29,10,26,27,29,156,20,31,43,26,15,24,19,24,17,031,841600
685,1825,35,56,81,23,114,49,38,55,433,39,44,54,26,57,62,52,53,17,031,841700
686,2435,84,127,113,89,113,76,68,20,306,57,84,44,52,56,42,42,17,17,031,841800
687,6540,108,39,23,9,113,152,52,8,557,74,29,24,17,57,109,54,15,17,031,841900
688,3134,32,33,19,32,0,0,4,21,298,26,16,20,27,11,11,6,24,17,031,842000
689,7489,530,479,311,256,511,388,273,231,1167,334,302,195,160,255,246,142,108,17,031,842100
690,3154,32,9,0,0,79,35,83,11,350,51,13,11,11,73,41,118,19,17,031,842200
691,3358,102,43,51,11,114,71,13,10,405,51,36,49,16,77,69,22,18,17,031,842300
692,7035,491,427,378,184,345,331,160,104,1037,269,178,224,116,184,186,120,91,17,031,842800
693,3115,127,73,82,29,79,45,140,121,474,91,50,73,33,68,45,62,82,17,031,842400
694,1973,127,171,150,74,161,99,66,36,225,83,83,89,50,77,66,57,28,17,031,842500
695,4125,149,144,187,63,243,54,30,43,403,70,72,85,44,139,39,31,47,17,031,842600
696,2479,86,147,37,49,138,65,67,53,302,93,91,41,71,92,59,63,59,17,031,842900
697,2533,137,158,196,101,75,61,132,31,296,75,102,95,66,44,44,52,26,17,031,843000
698,1692,106,68,101,77,23,82,63,25,395,95,57,61,69,37,72,51,32,17,031,843100
699,5556,41,176,223,51,179,247,110,30,822,61,180,139,64,140,128,106,48,17,031,252000
700,1154,16,47,25,32,54,37,25,52,204,19,34,28,25,37,36,19,33,17,031,260100
701,1816,145,45,71,61,83,77,77,72,320,94,39,49,49,67,48,43,67,17,031,260700
702,1316,60,45,137,49,104,147,35,21,283,35,30,70,36,55,58,27,21,17,031,271300
703,3831,73,0,0,0,49,0,0,24,348,74,11,11,11,49,11,11,35,17,031,081700
704,5563,156,136,119,87,166,105,210,92,574,90,93,74,58,96,73,94,63,17,031,100100
705,5696,144,77,257,100,231,175,109,169,425,119,68,146,94,148,109,71,83,17,031,100500
706,5228,168,219,297,137,176,154,110,75,516,91,87,109,77,119,77,69,52,17,031,130100
707,6429,149,149,73,48,185,118,320,82,1061,73,73,55,50,85,85,121,52,17,031,140200
708,4264,220,189,239,39,142,115,171,65,338,120,115,121,51,80,84,93,57,17,031,140500
709,3764,133,56,37,21,212,12,30,25,303,61,29,38,22,100,19,32,27,17,031,160300
710,4909,163,84,88,42,95,129,142,51,623,79,67,66,40,71,84,78,45,17,031,160800
711,7039,183,319,308,134,297,188,171,160,804,110,128,185,95,155,131,113,146,17,031,010201
712,2852,120,41,59,27,125,81,64,20,291,63,34,46,35,60,60,48,22,17,031,010202
713,3766,177,241,19,67,137,130,96,8,355,68,137,22,58,71,62,72,12,17,031,010701
714,4147,19,32,2,36,209,96,18,17,368,31,49,4,39,156,87,29,27,17,031,010501
715,2802,45,33,47,18,36,30,67,0,331,38,37,45,18,40,33,49,11,17,031,010502
716,1713,22,42,0,0,33,0,0,0,280,36,68,11,11,29,11,11,11,17,031,010503
717,5096,106,239,206,79,135,231,259,142,553,53,108,93,42,93,107,110,112,17,031,010702
718,5472,369,365,191,189,266,134,143,41,456,124,135,95,82,119,57,73,26,17,031,020301
719,5348,216,178,168,87,230,194,166,120,481,78,84,85,65,141,75,61,50,17,031,020302
720,6131,141,202,85,94,352,264,231,263,643,94,111,60,80,163,207,98,153,17,031,020601
721,4734,324,185,268,17,233,199,74,99,475,155,100,135,14,133,92,71,71,17,031,020602
722,1748,60,32,56,11,79,42,82,28,162,40,19,28,11,51,23,35,20,17,031,020701
723,7674,352,512,236,78,303,323,242,82,849,202,194,154,69,153,95,137,85,17,031,020702
724,6112,175,150,251,75,75,136,208,83,639,136,97,113,57,62,112,130,61,17,031,020801
725,7952,160,372,297,183,300,158,264,133,880,110,134,120,99,125,93,115,79,17,031,020802
726,5966,238,164,231,116,274,223,216,107,742,140,75,86,83,127,123,115,68,17,031,020901
727,4680,144,194,62,94,139,72,123,58,489,78,89,44,57,79,56,85,42,17,031,020902
728,3768,202,134,0,58,65,122,27,24,514,113,99,11,88,46,69,43,38,17,031,030101
729,2703,45,15,0,0,20,9,13,7,263,49,20,11,11,24,15,20,11,17,031,030102
730,2252,70,0,0,6,21,0,34,12,312,57,11,11,12,32,11,40,19,17,031,030103
731,3569,22,0,27,21,0,0,0,45,385,39,11,49,28,11,11,11,44,17,031,030104
732,3956,119,66,72,31,48,104,82,17,451,89,60,78,32,70,120,86,29,17,031,030601
733,2357,102,128,60,55,63,20,66,6,276,44,59,54,37,39,19,52,10,17,031,843200
734,1972,109,84,59,9,100,0,31,9,384,61,55,51,6,61,11,38,13,17,031,843300
735,1195,46,53,37,38,0,50,28,14,201,35,42,35,38,11,39,29,15,17,031,843400
736,10317,77,53,31,61,84,40,37,0,1306,37,39,29,31,58,35,28,17,17,031,843500
737,2918,87,88,79,53,220,81,170,55,302,61,64,81,51,185,66,95,51,17,031,843600
738,2617,135,74,113,16,92,108,149,46,244,54,27,68,18,40,59,68,30,17,031,843700
739,1482,0,41,35,29,17,105,63,85,221,11,29,28,29,13,58,42,46,17,031,843800
740,3521,42,53,113,47,43,61,61,42,446,68,83,90,59,39,64,62,52,17,031,843900
741,0,0,0,0,0,0,0,0,0,11,11,11,11,11,11,11,11,11,17,031,980000
742,0,0,0,0,0,0,0,0,0,11,11,11,11,11,11,11,11,11,17,031,980100
743,2258,20,0,68,10,69,84,24,10,226,21,11,53,15,45,67,27,15,17,031,030603
744,3344,138,23,33,16,108,0,0,15,267,79,27,33,22,78,11,11,17,17,031,030604
745,1712,55,9,9,4,27,22,32,4,172,37,15,11,6,35,25,34,7,17,031,030701
746,2252,114,4,0,0,109,9,0,0,255,142,7,11,11,70,14,11,11,17,031,030702
747,2909,38,25,48,42,0,17,7,31,289,35,40,53,45,11,17,19,39,17,031,030703
748,2928,119,0,40,0,23,57,0,0,348,107,11,35,11,31,79,11,11,17,031,030706
749,4587,140,177,108,34,166,165,46,118,431,92,104,74,31,70,68,35,70,17,031,031501
750,4651,71,116,122,63,152,71,114,50,380,69,74,97,73,101,57,113,54,17,031,031502
751,6891,388,170,167,60,223,103,32,50,544,176,92,110,52,104,67,36,47,17,031,040201
752,7265,376,80,87,253,221,48,167,59,751,316,83,65,139,241,66,124,67,17,031,040202
753,3347,145,21,23,32,210,17,0,16,482,99,32,37,38,154,27,11,19,17,031,040401
754,5269,240,323,208,0,127,71,108,12,456,100,143,168,15,78,52,64,19,17,031,040402
755,3597,26,52,82,0,21,67,30,30,338,30,49,69,11,39,67,34,34,17,031,061901
756,4653,54,36,64,0,21,0,58,18,388,54,41,67,11,34,11,53,22,17,031,061902
757,2768,32,28,0,0,47,0,5,0,195,35,43,11,11,45,11,12,11,17,031,063301
758,3781,54,35,24,0,48,0,0,0,318,48,36,49,11,52,11,11,11,17,031,063302
759,1223,8,1,6,0,9,4,0,0,98,12,7,8,11,11,9,11,11,17,031,063303
760,3878,129,23,32,0,55,121,17,21,350,160,36,53,11,52,122,28,41,17,031,070101
761,2920,31,8,21,20,33,43,23,0,242,30,12,23,23,37,50,23,11,17,031,070102
762,1621,14,0,0,0,45,16,0,0,151,18,11,11,11,14,18,11,11,17,031,070103
763,3141,0,16,0,0,18,0,0,0,318,11,26,11,11,28,11,11,11,17,031,080201
764,3957,145,80,99,71,99,104,104,46,355,84,55,54,59,53,69,57,32,17,031,150501
765,4378,204,231,115,34,195,145,86,62,544,112,111,51,33,107,74,97,73,17,031,150502
766,2714,81,118,93,23,38,99,91,71,296,54,65,55,21,32,58,41,42,17,031,151001
767,4770,230,208,173,32,147,151,196,49,409,84,105,80,40,62,55,90,35,17,031,151002
768,3870,233,109,36,19,166,181,159,142,517,100,71,29,21,93,67,99,66,17,031,160501
769,3782,124,138,127,59,102,189,88,68,406,80,79,99,49,47,73,73,61,17,031,160502
770,3529,177,17,60,73,133,147,154,10,324,83,20,47,61,84,66,98,15,17,031,160601
771,3681,145,87,110,8,98,50,86,87,301,87,46,57,14,54,35,53,43,17,031,160602
772,4193,165,92,225,50,139,137,94,116,327,81,56,98,53,59,67,54,105,17,031,190401
773,5572,113,141,172,160,77,274,391,119,464,68,69,85,74,53,116,164,72,17,031,190402
774,5145,152,209,124,95,309,227,109,85,554,107,66,80,68,134,171,50,57,17,031,190601
775,5608,130,344,137,125,70,127,193,143,695,119,142,93,94,58,67,95,83,17,031,190602
776,2924,48,149,163,71,87,194,91,43,301,37,64,73,34,48,57,37,32,17,031,190701
777,4841,243,355,72,31,216,255,97,219,479,140,148,57,31,119,94,55,110,17,031,190702
778,5658,190,211,381,90,160,237,229,151,631,117,95,162,70,95,135,120,91,17,031,191301
779,5333,170,327,241,238,152,259,153,159,663,98,143,133,96,98,108,70,95,17,031,191302
780,3746,114,177,208,30,114,194,95,66,408,76,78,69,35,52,82,62,45,17,031,200401
781,4380,254,121,107,18,215,212,120,103,705,150,84,66,21,100,110,73,78,17,031,200402
782,3273,152,103,104,9,128,29,78,20,404,70,63,72,15,81,26,80,31,17,031,210501
783,4685,157,147,122,115,130,270,162,105,524,83,87,70,70,76,110,88,78,17,031,210502
784,2761,65,38,77,14,13,84,162,28,405,52,33,69,16,20,48,92,32,17,031,210601
785,4200,160,149,63,0,105,170,110,63,565,93,92,50,11,84,124,56,43,17,031,210602
786,1763,75,52,29,34,88,54,59,27,212,51,39,24,27,50,35,43,20,17,031,220601
787,5058,162,13,88,74,168,83,68,101,530,103,25,86,56,113,70,66,84,17,031,220602
788,3230,28,85,204,99,75,91,139,10,395,26,56,97,52,51,54,71,14,17,031,220701
789,3817,58,218,140,85,77,110,90,156,438,46,108,87,53,46,65,69,108,17,031,220702
790,3073,157,149,136,18,62,118,53,57,403,86,66,89,24,45,55,34,49,17,031,220901
791,2927,96,57,118,42,90,91,85,82,344,47,35,48,21,72,50,40,41,17,031,220902
792,1284,25,52,32,0,68,18,41,24,264,35,59,38,11,71,27,43,29,17,031,252101
793,7295,253,483,336,89,222,99,313,163,1409,202,242,246,73,267,101,177,145,17,031,252102
794,2922,55,81,73,54,48,36,73,20,306,50,55,52,37,34,33,48,22,17,031,252201
795,4653,204,230,233,80,189,135,126,95,751,98,107,105,57,103,86,101,88,17,031,252202
796,3943,196,269,123,13,155,182,207,138,546,99,128,86,23,95,110,108,134,17,031,301701
797,4387,219,202,236,168,226,154,147,55,607,108,88,126,80,117,73,102,37,17,031,301702
798,3625,345,103,98,139,192,67,187,67,495,213,69,71,82,131,63,94,53,17,031,301801
799,3509,74,241,175,59,108,132,115,105,378,54,108,86,42,62,66,54,66,17,031,301802
800,5011,229,155,189,170,190,261,151,56,613,128,90,100,102,90,117,92,52,17,031,301803
